{
  "options": {
    "itemsPerPage": 5,
    "rowClickable": true
  },
  "data": {
    "fieldMapping": [
      {
        "reportId": "taf_top_failed_logins",
        "columns": [
          {
            "data": [
              {
                "fieldName": "data.login.user"
              }
            ],
            "style": {
              "width": "40%"
            },
            "type": "text",
            "header": "USER NAME"
          },
          {
            "data": [
              {
                "fieldName": "count"
              }
            ],
            "attributes": {
              "chartWidth": "100%",
              "chartType": "area2d",
              "id": "FailedLogins",
              "chartHeight": "120"
            },
            "style": {
              "width": "60%"
            },
            "type": "chart",
            "header": "LOGINS"
          }
        ]
      }
    ],
    "nestedResult": true,
    "emptyValueMessage": "(Empty)"
  },
  "kibana": {
    "pathParams": [
      "login-details"
    ],
    "queryParams": {
      "fromAndToBasedOnToday": "",
      "user": "data.login.user:fieldName",
      "status": "fail"
    }
  }
}
