{
  "data": {
    "fieldMapping": [
      {
        "reportId": "taf_top_at_risk_assets",
        "columns": [
          {
            "data": [
              {
                "fieldName": "risk.score"
              }
            ],
            "style": {
              "minWidth": "50px",
              "width": "10%"
            },
            "type": "scoreWidget",
            "header": "Score"
          },
          {
            "data": [
              {
                "fieldName": "info.displayName"
              }
            ],
            "style": {
              "width": "25%"
            },
            "type": "text",
            "header": "Name"
          },
          {
            "data": [
              {
                "fieldName": "info.title"
              }
            ],
            "style": {
              "width": "25%"
            },
            "type": "text",
            "header": "Title"
          },
          {
            "data": [
              {
                "fieldName": "info.department"
              }
            ],
            "style": {
              "width": "15%"
            },
            "type": "text",
            "header": "Department"
          },
          {
            "data": [
              {
                "fieldName": "info.location"
              }
            ],
            "style": {
              "width": "25%"
            },
            "type": "text",
            "header": "Location"
          }
        ]
      }
    ]
  },
  "options": {
    "filterable": [ "Score", "Name", "Title", "Department" ],
    "itemsPerPage": 5,
    "sortable": [ "Score", "Name", "Title", "Department" ],
    "rowClickable": true
  }
}
