{
  "data": {
    "fieldMapping": [
      {
        "reportId": "taf_top_at_risk_assets",
        "columns": [
          {
            "data": [
              {
                "fieldName": "risk.score"
              }
            ],
            "style": {
              "minWidth": "50px",
              "width": "10%"
            },
            "type": "scoreWidget",
            "header": "Score"
          },
          {
            "data": [
              {
                "fieldName": "info.displayName"
              }
            ],
            "style": {
              "width": "25%"
            },
            "type": "text",
            "header": "Name"
          },
          {
            "data": [
              {
                "fieldName": "info.OS"
              }
            ],
            "style": {
              "width": "25%"
            },
            "type": "text",
            "header": "OS"
          },
          {
            "data": [
              {
                "fieldName": "info.version"
              }
            ],
            "style": {
              "width": "20%"
            },
            "type": "text",
            "header": "Version"
          },
          {
            "data": [
              {
                "fieldName": "info.services[0]"
              }
            ],
            "style": {
              "width": "20%"
            },
            "type": "text",
            "header": "Services"
          }
        ]
      }
    ]
  },
  "options": {
    "filterable": [ "Score", "Name", "OS" ],
    "itemsPerPage": 5,
    "sortable": [ "Score", "Name", "OS" ],
    "rowClickable": true
  }
}
