{
  "layout": [
    [
      {
        "meta": {
          "showHeader": true,
          "showRefresh": false,
          "showBackButton": true,
          "api": {
            "path": "/api/alert/{alertId}",
            "pathParams": {
              "alertId": ":pathParam"
            },
            "queryParams": {
              "date": "date:pathParam",
              "window": ""
            }
          },
          "title": "Anomaly Details"
        },
        "name": "AlertDetail",
        "attributes": {
          "style": {
            "backgroundColor": "#ffffff",
            "width": "250px",
            "flex": "0 0 250px"
          }
        },
        "id": "alert-detail",
        "type": "AlertDetails"
      },
      {
        "meta": {
          "showHeader": true,
          "api": {
            "path": "/api/analytics/graph/{alertId}",
            "pathParams": {
              "alertId": ":pathParam"
            },
            "queryParams": {
              "date": "date:pathParam"
            }
          },
          "title": "Overview"
        },
        "attributes": {
          "style": {
            "width": "100%",
            "backgroundSize": "20px 20px",
            "backgroundImage": "linear-gradient(to right, #F1F1F3 1px, transparent 1px), linear-gradient(to bottom, #F1F1F3 1px, #FAFAFB 1px)"
          },
          "canvasStyle": {
            "height": "95%",
            "width": "100%"
          },
          "id": "NetworkGraph"
        },
        "id": "network-graph",
        "type": "networkGraph/index",
        "timelineId": "primary-timeline"
      }
    ],
    [
      {
        "meta": {
          "showHeader": false,
          "api": {
            "path": "/api/alert/{alertId}",
            "pathParams": {
              "alertId": ":pathParam"
            },
            "queryParams": {
              "date": "date:pathParam",
              "window": ""
            }
          }
        },
        "name": "AlertTimeline",
        "attributes": {
          "style": {
            "width": "100%"
          }
        },
        "id": "alert-timeline",
        "type": "AlertTimeline"
      }
    ]
  ]
}
