{
  "layout": [
    [
      {
        "meta": {
          "showHeader": false,
          "api": {
            "path": "/api/analytics/reporting/execute/{reportId}",
            "pathParams": {
              "reportId": "taf_alert_count_time_shifted"
            },
            "queryParams": {
              "window": ""
            }
          }
        },
        "name": "MetricsCard",
        "attributes": {
          "countStyle": {
            "color": "#F69275"
          },
          "style": {
            "marginRight": "3px",
            "width": "25%",
            "borderTop": "6px solid #F69275"
          }
        },
        "id": "1",
        "type": "MetricsCard",
        "title": "High Priority Anomalies",
        "clickData": {
          "tableId": "RecentAnomalies",
          "filterText": "",
          "page": "/threat-analytics-reports"
        }
      },
      {
        "meta": {
          "showHeader": false,
          "api": {
            "path": "/api/analytics/reporting/execute/{reportId}",
            "pathParams": {
              "reportId": "taf_malware_count_time_shifted"
            },
            "queryParams": {
              "window": ""
            }
          }
        },
        "name": "MetricsCard",
        "attributes": {
          "countStyle": {
            "color": "#F69275"
          },
          "style": {
            "marginRight": "3px",
            "width": "25%",
            "borderTop": "6px solid #F69275"
          }
        },
        "id": "2",
        "type": "MetricsCard",
        "title": "High Priority Malware",
        "clickData": {
          "tableId": "RecentAnomalies",
          "filterText": "malware",
          "page": "/threat-analytics-reports"
        }
      },
      {
        "meta": {
          "showHeader": false,
          "api": {
            "path": "/api/analytics/reporting/execute/{reportId}",
            "pathParams": {
              "reportId": "taf_event_count_time_shifted"
            },
            "queryParams": {
              "window": ""
            }
          }
        },
        "name": "MetricsCard",
        "attributes": {
          "countStyle": {
            "color": "#2bd8d0"
          },
          "style": {
            "marginRight": "3px",
            "width": "25%",
            "borderTop": "6px solid #2bd8d0"
          }
        },
        "id": "3",
        "type": "MetricsCard",
        "title": "Events Processed",
        "kibana": {
          "pathParams": [
            "traffic-details"
          ],
          "queryParams": {
            "fromAndToBasedOnToday": ""
          }
        }
      },
      {
        "meta": {
          "showHeader": false,
          "api": {
            "path": "/api/analytics/reporting/execute/{reportId}",
            "pathParams": {
              "reportId": "taf_asset_count_time_shifted"
            },
            "queryParams": {
              "window": ""
            }
          }
        },
        "name": "MetricsCard",
        "attributes": {
          "countStyle": {
            "color": "#2bd8d0"
          },
          "style": {
            "marginRight": "3px",
            "width": "25%",
            "borderTop": "6px solid #2bd8d0"
          }
        },
        "id": "4",
        "type": "MetricsCard",
        "title": "Assets Monitored",
        "kibana": {
          "pathParams": [
            "assets-all"
          ],
          "queryParams": {
            "fromAndToBasedOnToday": ""
          }
        }
      }
    ],
    [
      {
        "chart": {
          "width": "100%",
          "height": "300",
          "options": {
            "yAxisName": "CONNECTION COUNT",
            "xAxisName": "USER AGENT LENGTH"
          }
        },
        "meta": {
          "showHeader": true,
          "api": {
            "path": "/api/analytics/reporting/execute/{reportId}",
            "headers": {
              "Accept": "application/json;report-format=nested"
            },
            "pathParams": {
              "reportId": "taf_user_agent_unique_with_name"
            },
            "queryParams": {
              "window": ""
            }
          },
          "title": "User Agent Details"
        },
        "attributes": {
          "style": {
            "width": "100%"
          },
          "id": "UserAgentLength"
        },
        "id": "user-agent-length",
        "type": "charts/ScatterChart"
      }
    ],
    [
      {
        "meta": {
          "showHeader": true,
          "api": {
            "path": "/api/analytics/reporting/execute/{reportId}",
            "headers": {
              "Accept": "application/json;report-format=nested"
            },
            "pathParams": {
              "reportId": "taf_top_longest_user_agents"
            },
            "queryParams": {
              "window": ""
            }
          },
          "title": "Longest User Agents"
        },
        "name": "ReactableTable",
        "attributes": {
          "style": {
            "marginRight": "33px",
            "width": "100%"
          },
          "id": "LongestUserAgents"
        },
        "id": "longest-user-agents",
        "type": "ReactableTable"
      },
      {
        "meta": {
          "showHeader": true,
          "api": {
            "path": "/api/analytics/reporting/execute/{reportId}",
            "headers": {
              "Accept": "application/json;report-format=nested"
            },
            "pathParams": {
              "reportId": "taf_top_shortest_user_agents"
            },
            "queryParams": {
              "window": ""
            }
          },
          "title": "Shortest User Agents"
        },
        "name": "ReactableTable",
        "attributes": {
          "style": {
            "width": "100%"
          },
          "id": "ShortestUserAgents"
        },
        "id": "shortest-user-agents",
        "type": "ReactableTable"
      }
    ]
  ]
}
