{
  "layout": [
    [
      {
        "meta": {
          "showHeader": false,
          "api": {
            "path": "/api/analytics/reporting/execute/{reportId}",
            "pathParams": {
              "reportId": "taf_alert_count_time_shifted"
            },
            "queryParams": {
              "window": ""
            }
          }
        },
        "name": "MetricsCard",
        "attributes": {
          "countStyle": {
            "color": "#F69275"
          },
          "style": {
            "marginRight": "3px",
            "width": "25%",
            "borderTop": "6px solid #F69275"
          }
        },
        "id": "1",
        "type": "MetricsCard",
        "title": "High Priority Anomalies",
        "clickData": {
          "tableId": "RecentAnomalies",
          "filterText": "",
          "page": "/threat-analytics-reports"
        }
      },
      {
        "meta": {
          "showHeader": false,
          "api": {
            "path": "/api/analytics/reporting/execute/{reportId}",
            "pathParams": {
              "reportId": "taf_malware_count_time_shifted"
            },
            "queryParams": {
              "window": ""
            }
          }
        },
        "name": "MetricsCard",
        "attributes": {
          "countStyle": {
            "color": "#F69275"
          },
          "style": {
            "marginRight": "3px",
            "width": "25%",
            "borderTop": "6px solid #F69275"
          }
        },
        "id": "2",
        "type": "MetricsCard",
        "title": "High Priority Malware",
        "clickData": {
          "tableId": "RecentAnomalies",
          "filterText": "malware",
          "page": "/threat-analytics-reports"
        }
      },
      {
        "meta": {
          "showHeader": false,
          "api": {
            "path": "/api/analytics/reporting/execute/{reportId}",
            "pathParams": {
              "reportId": "taf_event_count_time_shifted"
            },
            "queryParams": {
              "window": ""
            }
          }
        },
        "name": "MetricsCard",
        "attributes": {
          "countStyle": {
            "color": "#2bd8d0"
          },
          "style": {
            "marginRight": "3px",
            "width": "25%",
            "borderTop": "6px solid #2bd8d0"
          }
        },
        "id": "3",
        "type": "MetricsCard",
        "title": "Events Processed",
        "kibana": {
          "pathParams": [
            "traffic-details"
          ],
          "queryParams": {
            "fromAndToBasedOnToday": ""
          }
        }
      },
      {
        "meta": {
          "showHeader": false,
          "api": {
            "path": "/api/analytics/reporting/execute/{reportId}",
            "pathParams": {
              "reportId": "taf_asset_count_time_shifted"
            },
            "queryParams": {
              "window": ""
            }
          }
        },
        "name": "MetricsCard",
        "attributes": {
          "countStyle": {
            "color": "#2bd8d0"
          },
          "style": {
            "marginRight": "3px",
            "width": "25%",
            "borderTop": "6px solid #2bd8d0"
          }
        },
        "id": "4",
        "type": "MetricsCard",
        "title": "Assets Monitored",
        "kibana": {
          "pathParams": [
            "assets-all"
          ],
          "queryParams": {
            "fromAndToBasedOnToday": ""
          }
        }
      }
    ],
    [
      {
        "chartOptions": {
          "showValues": "1",
          "showLabels": "1",
          "numberSuffix": "%",
          "chartRightMargin": "0"
        },
        "chart": {
          "showAnnotations": false
        },
        "chartData": {
          "showTrendLines": true,
          "fieldMapping": [
            {
              "reportId": "taf_asset_count_time_shifted",
              "columns": [
                "0.0"
              ]
            },
            {
              "reportId": "taf_total_usage",
              "columns": [
                "date"
              ]
            },
            {
              "reportId": "taf_top_talkers_connections",
              "columns": [
                "connections"
              ]
            }
          ],
          "reportId": "taf_top_talkers_connections",
          "trendLines": [
            {
              "line": [
                {
                  "dashed": "1",
                  "color": "#f69275",
                  "valueOnRight": "1",
                  "dashLen": "4",
                  "dashGap": "2"
                }
              ]
            }
          ],
          "multipleReportIds": true
        },
        "meta": {
          "showHeader": true,
          "api": {
            "path": "/api/analytics/reporting/execute/{reportId}",
            "pathParams": {
              "reportId": "taf_total_usage,taf_top_talkers_connections,taf_top_talkers_bandwidth,taf_asset_count_time_shifted"
            },
            "queryParams": {
              "timeShift": "",
              "window": ""
            }
          },
          "title": "Top IPs Using The Most Connections"
        },
        "attributes": {
          "chartCaption": {
            "display": "none"
          },
          "style": {
            "width": "50%",
            "marginRight": "33px"
          },
          "id": "HorizontalBarChartConnections"
        },
        "id": "horizontal-bar-chart-connections",
        "type": "charts/HorizontalBarChart",
        "kibana": {
          "pathParams": [
            "ip-connection-details"
          ],
          "queryParams": {
            "fromAndToBasedOnToday": "",
            "xAxisValueAsItIs": "ip"
          }
        }
      },
      {
        "chartOptions": {
          "showValues": "1",
          "showLabels": "1",
          "numberSuffix": "%",
          "chartRightMargin": "0"
        },
        "chart": {
          "showAnnotations": false
        },
        "chartData": {
          "showTrendLines": true,
          "fieldMapping": [
            {
              "reportId": "taf_asset_count_time_shifted",
              "columns": [
                "0.0"
              ]
            },
            {
              "reportId": "taf_total_usage",
              "columns": [
                "bandwidth"
              ]
            },
            {
              "reportId": "taf_top_talkers_bandwidth",
              "columns": [
                "bandwidth"
              ]
            }
          ],
          "reportId": "taf_top_talkers_bandwidth",
          "trendLines": [
            {
              "line": [
                {
                  "dashed": "1",
                  "color": "#f69275",
                  "valueOnRight": "1",
                  "dashLen": "4",
                  "dashGap": "2"
                }
              ]
            }
          ],
          "multipleReportIds": true
        },
        "meta": {
          "showHeader": true,
          "api": {
            "path": "/api/analytics/reporting/execute/{reportId}",
            "pathParams": {
              "reportId": "taf_total_usage,taf_top_talkers_connections,taf_top_talkers_bandwidth,taf_asset_count_time_shifted"
            },
            "queryParams": {
              "timeShift": "",
              "window": ""
            }
          },
          "title": "Top IPs Using The Highest Bandwidth"
        },
        "attributes": {
          "chartCaption": {
            "display": "none"
          },
          "style": {
            "width": "50%"
          },
          "id": "HorizontalBarChartBandwidth"
        },
        "id": "horizontal-bar-chart-bandwidth",
        "type": "charts/HorizontalBarChart"
      }
    ],
    [
      {
        "chartOptions": {},
        "chartData": {
          "fieldMapping": [
            {
              "reportId": "taf_asset_count_time_shifted",
              "columns": [
                "0.0"
              ]
            },
            {
              "reportId": "taf_total_usage",
              "columns": [
                "bandwidth"
              ]
            },
            {
              "reportId": "taf_top_talkers_bandwidth",
              "columns": [
                "bandwidth"
              ]
            }
          ]
        },
        "meta": {
          "showHeader": true,
          "legend": [
            "Bandwidth ",
            "Used by",
            "Assets"
          ],
          "api": {
            "path": "/api/analytics/reporting/execute/{reportId}",
            "pathParams": {
              "reportId": "taf_total_usage,taf_top_talkers_connections,taf_top_talkers_bandwidth,taf_asset_count_time_shifted"
            },
            "queryParams": {
              "timeShift": "",
              "window": ""
            }
          },
          "title": "Top Bandwidth"
        },
        "attributes": {
          "style": {
            "marginRight": "33px",
            "width": "50%"
          },
          "id": "PieChartBandwidth"
        },
        "id": "pie-chart-bandwidth",
        "type": "charts/PieChart"
      },
      {
        "chartOptions": {},
        "chartData": {
          "fieldMapping": [
            {
              "reportId": "taf_asset_count_time_shifted",
              "columns": [
                "0.0"
              ]
            },
            {
              "reportId": "taf_total_usage",
              "columns": [
                "date"
              ]
            },
            {
              "reportId": "taf_top_talkers_connections",
              "columns": [
                "connections"
              ]
            }
          ]
        },
        "meta": {
          "showHeader": true,
          "legend": [
            "Connections",
            "Used by",
            "Assets"
          ],
          "api": {
            "path": "/api/analytics/reporting/execute/{reportId}",
            "pathParams": {
              "reportId": "taf_total_usage,taf_top_talkers_connections,taf_top_talkers_bandwidth,taf_asset_count_time_shifted"
            },
            "queryParams": {
              "timeShift": "",
              "window": ""
            }
          },
          "title": "Top Connections"
        },
        "attributes": {
          "style": {
            "width": "50%"
          },
          "id": "PieChartConnections"
        },
        "id": "pie-chart-connections",
        "type": "charts/PieChart"
      }
    ],
    [
      {
        "chartOptions": {
          "paletteColors": "#C9EDDF, #60E2DC",
          "yAxisName": "INCOMING BANDWIDTH",
          "xAxisName": "TIME",
          "lineThickness": "2",
          "drawAnchors": "0"
        },
        "chartData": {
          "fieldMapping": [
            {
              "reportId": "taf_stats_histogram",
              "columns": [
                "date"
              ],
              "axis": "x"
            },
            {
              "seriesname": "Historical Incoming Bandwidth",
              "reportId": "taf_stats_histogram",
              "columns": [
                "bytes_in[1]"
              ],
              "renderas": "Area",
              "axis": "y"
            },
            {
              "seriesname": "Current Incoming Bandwidth",
              "reportId": "taf_stats_histogram",
              "columns": [
                "bytes_in[0]"
              ],
              "renderas": "Line",
              "axis": "y"
            }
          ],
          "combinedResult": true
        },
        "meta": {
          "subTitle": "(in bytes)",
          "showHeader": true,
          "api": {
            "path": "/api/analytics/reporting/execute/{reportId}",
            "pathParams": {
              "reportId": "taf_stats_histogram"
            },
            "queryParams": {
              "window": ""
            }
          },
          "title": "Incoming Bandwidth"
        },
        "attributes": {
          "chartCaption": {
            "display": "none"
          },
          "style": {
            "marginRight": "33px",
            "width": "50%"
          },
          "id": "HistogramChart1"
        },
        "id": "histogram-chart1",
        "type": "charts/MultiSeriesCombiChart"
      },
      {
        "chartOptions": {
          "paletteColors": "#C9EDDF, #60E2DC",
          "yAxisName": "OUTGOING BANDWIDTH",
          "xAxisName": "TIME",
          "lineThickness": "2",
          "drawAnchors": "0"
        },
        "chartData": {
          "fieldMapping": [
            {
              "reportId": "taf_stats_histogram",
              "columns": [
                "date"
              ],
              "axis": "x"
            },
            {
              "seriesname": "Historical Outgoing Bandwidth",
              "reportId": "taf_stats_histogram",
              "columns": [
                "bytes_out[1]"
              ],
              "renderas": "Area",
              "axis": "y"
            },
            {
              "seriesname": "Current Outgoing Bandwidth",
              "reportId": "taf_stats_histogram",
              "columns": [
                "bytes_out[0]"
              ],
              "renderas": "Line",
              "axis": "y"
            }
          ],
          "combinedResult": true
        },
        "meta": {
          "subTitle": "(in bytes)",
          "showHeader": true,
          "api": {
            "path": "/api/analytics/reporting/execute/{reportId}",
            "pathParams": {
              "reportId": "taf_stats_histogram"
            },
            "queryParams": {
              "window": ""
            }
          },
          "title": "Outgoing Bandwidth"
        },
        "attributes": {
          "chartCaption": {
            "display": "none"
          },
          "style": {
            "width": "50%"
          },
          "id": "HistogramChart2"
        },
        "id": "histogram-chart2",
        "type": "charts/MultiSeriesCombiChart"
      }
    ],
    [
      {
        "chartOptions": {
          "paletteColors": "#C9EDDF, #60E2DC",
          "yAxisName": "NO. OF CONNECTIONS",
          "xAxisName": "TIME",
          "lineThickness": "2",
          "drawAnchors": "0"
        },
        "chartData": {
          "fieldMapping": [
            {
              "reportId": "taf_stats_histogram",
              "columns": [
                "date"
              ],
              "axis": "x"
            },
            {
              "seriesname": "Historical Connections",
              "reportId": "taf_stats_histogram",
              "columns": [
                "conn[1]"
              ],
              "renderas": "Area",
              "axis": "y"
            },
            {
              "seriesname": "Current Connections",
              "reportId": "taf_stats_histogram",
              "columns": [
                "conn[0]"
              ],
              "renderas": "Line",
              "axis": "y"
            }
          ],
          "combinedResult": true
        },
        "meta": {
          "showHeader": true,
          "api": {
            "path": "/api/analytics/reporting/execute/{reportId}",
            "pathParams": {
              "reportId": "taf_stats_histogram"
            },
            "queryParams": {
              "window": ""
            }
          },
          "title": "No. of Connections"
        },
        "attributes": {
          "chartCaption": {
            "display": "none"
          },
          "style": {
            "marginRight": "33px",
            "width": "50%"
          },
          "id": "HistogramChart3"
        },
        "id": "histogram-chart3",
        "type": "charts/MultiSeriesCombiChart"
      },
      {
        "chartOptions": {
          "showValues": "1",
          "paletteColors": "#2bd8d0",
          "showLabels": "1",
          "chartRightMargin": "0"
        },
        "chart": {
          "showAnnotations": false
        },
        "chartData": {
          "showTrendLines": false,
          "fieldMapping": [
            {
              "reportId": "taf_connections_by_protocol",
              "columns": [
                "protocol.service",
                "date"
              ]
            }
          ],
          "multipleReportIds": false
        },
        "meta": {
          "showHeader": true,
          "api": {
            "path": "/api/analytics/reporting/execute/{reportId}",
            "pathParams": {
              "reportId": "taf_connections_by_protocol"
            },
            "queryParams": {
              "window": ""
            }
          },
          "title": "Top Connections By Protocol"
        },
        "attributes": {
          "chartCaption": {
            "display": "none"
          },
          "style": {
            "width": "50%"
          },
          "id": "TopConnectionsByProtocol"
        },
        "id": "top-connections-by-protocol",
        "type": "charts/HorizontalBarChart"
      }
    ],
    [
      {
        "meta": {
          "showHeader": true,
          "api": {
            "path": "/api/analytics/reporting/execute/{reportId}",
            "pathParams": {
              "reportId": "taf_top_longest_connections"
            },
            "queryParams": {
              "window": ""
            }
          },
          "title": "Longest Connections"
        },
        "name": "ReactableTable",
        "attributes": {
          "style": {
            "width": "100%"
          },
          "id": "LongestConnections"
        },
        "id": "longest-connections",
        "type": "ReactableTable"
      }
    ]
  ]
}
