{
  "layout": [
    [
      {
        "meta": {
          "showHeader": false,
          "api": {
            "path": "/api/analytics/reporting/execute/{reportId}",
            "pathParams": {
              "reportId": "taf_alert_count_time_shifted"
            },
            "queryParams": {
              "window": ""
            }
          }
        },
        "name": "MetricsCard",
        "attributes": {
          "countStyle": {
            "color": "#F69275"
          },
          "style": {
            "marginRight": "3px",
            "width": "25%",
            "borderTop": "6px solid #F69275"
          }
        },
        "id": "1",
        "type": "MetricsCard",
        "title": "High Priority Anomalies",
        "clickData": {
          "tableId": "RecentAnomalies",
          "filterText": "",
          "page": "/threat-analytics-reports"
        }
      },
      {
        "meta": {
          "showHeader": false,
          "api": {
            "path": "/api/analytics/reporting/execute/{reportId}",
            "pathParams": {
              "reportId": "taf_malware_count_time_shifted"
            },
            "queryParams": {
              "window": ""
            }
          }
        },
        "name": "MetricsCard",
        "attributes": {
          "countStyle": {
            "color": "#F69275"
          },
          "style": {
            "marginRight": "3px",
            "width": "25%",
            "borderTop": "6px solid #F69275"
          }
        },
        "id": "2",
        "type": "MetricsCard",
        "title": "High Priority Malware",
        "clickData": {
          "tableId": "RecentAnomalies",
          "filterText": "malware",
          "page": "/threat-analytics-reports"
        }
      },
      {
        "meta": {
          "showHeader": false,
          "api": {
            "path": "/api/analytics/reporting/execute/{reportId}",
            "pathParams": {
              "reportId": "taf_event_count_time_shifted"
            },
            "queryParams": {
              "window": ""
            }
          }
        },
        "name": "MetricsCard",
        "attributes": {
          "countStyle": {
            "color": "#2bd8d0"
          },
          "style": {
            "marginRight": "3px",
            "width": "25%",
            "borderTop": "6px solid #2bd8d0"
          }
        },
        "id": "3",
        "type": "MetricsCard",
        "title": "Events Processed",
        "kibana": {
          "pathParams": [
            "traffic-details"
          ],
          "queryParams": {
            "fromAndToBasedOnToday": ""
          }
        }
      },
      {
        "meta": {
          "showHeader": false,
          "api": {
            "path": "/api/analytics/reporting/execute/{reportId}",
            "pathParams": {
              "reportId": "taf_asset_count_time_shifted"
            },
            "queryParams": {
              "window": ""
            }
          }
        },
        "name": "MetricsCard",
        "attributes": {
          "countStyle": {
            "color": "#2bd8d0"
          },
          "style": {
            "marginRight": "3px",
            "width": "25%",
            "borderTop": "6px solid #2bd8d0"
          }
        },
        "id": "4",
        "type": "MetricsCard",
        "title": "Assets Monitored",
        "kibana": {
          "pathParams": [
            "assets-all"
          ],
          "queryParams": {
            "fromAndToBasedOnToday": ""
          }
        }
      }
    ],
    [
      {
        "meta": {
          "showHeader": true,
          "showSearch": true,
          "api": {
            "path": "/api/analytics/reporting/execute/{reportId}",
            "pathParams": {
              "reportId": "taf_alert_highpriority"
            },
            "queryParams": {
              "count": 200,
              "window": ""
            }
          },
          "title": "Recent Anomalies"
        },
        "name": "ReactableTable",
        "attributes": {
          "style": {
            "width": "100%"
          },
          "id": "RecentAnomalies"
        },
        "id": "RecentAnomalies",
        "type": "ReactableTable",
        "openAlertDetails": true
      }
    ],
    [
      {
        "meta": {
          "showHeader": true,
          "showSearch": true,
          "api": {
            "path": "/api/analytics/reporting/execute/{reportId}",
            "pathParams": {
              "reportId": "taf_top_at_risk_assets"
            },
            "queryParams": {
              "count": 200,
              "window": "",
              "type": "user"
            }
          },
          "title": "At Risk Users"
        },
        "name": "ReactableTable",
        "attributes": {
          "style": {
            "marginRight": "33px",
            "width": "50%"
          },
          "id": "at-risk-users"
        },
        "id": "AtRiskUsers",
        "type": "ReactableTable",
        "openAssetDetails": true
      },
      {
        "meta": {
          "showHeader": true,
          "showSearch": true,
          "api": {
            "path": "/api/analytics/reporting/execute/{reportId}",
            "pathParams": {
              "reportId": "taf_top_at_risk_assets"
            },
            "queryParams": {
              "count": 200,
              "window": "",
              "type": "machine"
            }
          },
          "title": "At Risk End Points"
        },
        "name": "ReactableTable",
        "attributes": {
          "style": {
            "width": "50%"
          },
          "id": "at-risk-machines"
        },
        "id": "AtRiskMachines",
        "type": "ReactableTable",
        "openAssetDetails": true
      }
    ]
  ]
}
